Workbook

Sheet LINK
L1: ASSIST | M1: MAN | N1: COL.SERV | O1: GAR | P1: INST | Q1: PIQ | R1: FORM | S1: REP.OF | T1: ACOMP.COM | U1: SADI | V1: CCTV | W1: SADCO | X1: SAI | Y1: SAEI | Z1: SCA | AA1: EAS | AB1: SADG | AC1: SCH | AD1: OTHER | AL1: Data serviço | AM1: Mês | AO1: Técnico(s) | AP1: Cód. Trabalho | AQ1: Início | AR1: Início | AS1: Fim | AT1: Total Hrs | AY1: Hora | AZ1: Valores a faturar | BI1: SERVIÇOS A FATURAR | BK1: TOTAL | BL1: TOTAL s/ MAT/PLAF | BM1: Descrição do trabalho executado | BN1: Orçamento nº | BO1: Nota de encomenda | BP1: Faturado? | BQ1: Material que falta | BR1: Observações
A2: Folha nº | B2: Pedido por: | C2: Email | D2: Telefone | E2: Contacto | F2: Telefone | G2: Contrato nº | H2: Loja nº | I2: Data pedido | J2: Cliente nº | K2: Ident | L2: ASSIST | M2: MAN | N2: COL.SERV | O2: GAR | P2: INST | Q2: PIQ | R2: FORM | S2: REP.OF | T2: ACOMP.COM | U2: SADI | V2: CCTV | W2: PA/VA | X2: SAI | Y2: EXT | Z2: SCA | AA2: EAS | AB2: SADG | AC2: SCH | AD2: OTHER | AE2: Cliente nome | AF2: Local | AG2: Morada | AH2: Cód. Postal | AI2: CP | AJ2: NIF | AK2: Avaria reportada | AN2: Relatório Técnico da Intervenção | Intervention report | AQ2: T.Viagem | AR2: T.Trabalho | AT2: T.Total trabalho | AU2: T.Total h | AV2: T.Total m | AW2: T.Total h | AX2: T.Total m | AY2: Valor | AZ2: Hora | BA2: Deslocação Lx/Pt/Fun | BB2: Deslocação Kms | BC2: 0.6 | BD2: Piquete | BE2: Material | BF2: Plataforma | BG2: Plataforma custo | BH2: Manutenção | BJ2: Acerto de valor
A3: 2026_4572 | B3: Sra. Jéssica Silv | C3: jessica.silva@Samsic.pt | D3: 910036247 | G3: 1951/26 | H3: n/a | I3: 46090 | J3: 0308 | M3: X | AC3: X | AE3: Hospital CUF Descobertas, SA | AF3: CUF Descobertas | AG3: R. Mário Botas - Parque das Nações | AH3: 1998-018 Lisboa | AI3: 19 | AJ3: 504872982 | AK3: Manutenção preventiva anual SCH (Edifício 1 e 2) (1/1). | AL3: AGENDAR | AM3: S | AU3: 1 | AV3: 30 | AY3: 0 | AZ3: 62.4 | BA3: 0 | BB3: 0 | BC3: 0 | BD3: 0 | BE3: 0 | BF3: 0 | BG3: 3497.4 | BJ3: 62.4 | BK3: 62.4 | BM3: Manutenção | BO3: ECL 2026/257_

Sheet FS
BD1: Sensorpoint - Soluções de Segurança, SA
BD2: R. Alfredo Rodrigues Gaspar, nº 7
BD3: 2685-891 Sacavém (Portugal)
BD4: NIF 510154425
BD5: Delegação: Avintes (VN Gaia)
BD7: NIF 510 154 425
BD8: Tel. +351 211 452 255
BD9: service@sensorpoint.pt
BD10: www.sensorpoint.pt
A12: FOLHA DE SERVIÇO | SERVICE SHEET | AV12: Nº | AW12: =LINK!A3 -> 2026_4572
A15: Dados do Cliente | Customer
A16: Cliente Customer | H16: =LINK!AE3 -> Hospital CUF Descobertas, SA | AS16: Nº | AV16: =LINK!J3 -> 0308
A17: Pedido por Requested by | H17: =LINK!B3 -> Sra. Jéssica Silv | AC17: Em In | AE17: =LINK!I3 -> 46090 | AO17: NIF nº VAT n. | AV17: =LINK!AJ3 -> 504872982
A18: E-mail | H18: =LINK!C3 -> jessica.silva@Samsic.pt | AO18: Telefone Phone n. | AV18: =LINK!D3 -> 910036247
A20: Dados da instalação | Site information
A21: Contacto Contact person | H21: =LINK!E3 | AO21: Telefone Site Phone | AV21: =LINK!F3
A22: Local/loja Local/Store | H22: =LINK!AF3 -> CUF Descobertas | AO22: Contrato Contract | AV22: =LINK!G3 -> 1951/26
A23: Morada Address | H23: =CONCATENATE(LINK!AG3,"|",LINK!AH3) -> R. Mário Botas - Parque das Nações|1998-018 Lisboa | AO23: Loja nº Store n. | AV23: =LINK!H3 -> n/a
A25: Tipo de serviço | Service Type | AK25: Equipamentos | Equipments
F28: Piquete | G28: =IF(LINK!Q3="","","X") | O28: Manutenção | Q28: =IF(LINK!M3="","","X") -> X | Z28: Colocação Serviço | AB28: =IF(LINK!N3="","","X") | AG28: Garantia | AH28: =IF(LINK!O3="","","?") | AL28: SADI | AM28: =IF(LINK!U3="","","X") | AP28: SADIR | AQ28: =IF(LINK!X3="","","X") | AU28: SADEI | AV28: =IF(LINK!Y3="","","X") | AX28: SCA | AY28: =IF(LINK!Z3="","","X") | BB28: EAS | BC28: =IF(LINK!AA3="","","X")
F30: Assistência | G30: =IF(LINK!L3="","","X") | O30: Formação | Q30: =IF(LINK!R3="","","X") | Z30: Reparação oficina | AB30: =IF(LINK!S3="","","X") | AG30: Instalação | AH30: =IF(LINK!P3="","","X") | AL30: VSS | AM30: =IF(LINK!V3="","","X") | AP30: SADCO | AQ30: =IF(LINK!W3="","","X") | AU30: SADG | AV30: =IF(LINK!AB3="","","X") | AX30: SCH | AY30: =IF(LINK!AC3="","","X") -> X | BB30: OTHER | BC30: =IF(LINK!AD3="","","X")
A33: Trabalhos a efetuar | Requested tasks
A34: =LINK!AK3 -> Manutenção preventiva anual SCH (Edifício 1 e 2) (1/1).
A38: Relatório Técnico da Intervenção | Intervention report
A39: =LINK!AN3 -> 0
A46: Material usado | Used Material
A48: Refª | Ref. | M48: Descrição | Description | AZ48: Qtd | Qty
A55: Técnico Technician | F55: =LINK!AO3 -> 0 | T55: Hora Início Start Time | AA55: : | AG55: Hora Fim End time | AM55: : | AS55: Total Horas Total Hours | AZ55: :
A57: Técnico Technician | T57: Hora Início Start Time | AA57: : | AG57: Hora Fim End time | AM57: : | AS57: Total Horas Total Hours | AZ57: :
A59: Técnico Technician | T59: Hora Início Start Time | AA59: : | AG59: Hora Fim End time | AM59: : | AS59: Total Horas Total Hours | AZ59: :
B61: SENSORPOINT | V61: CLIENTE | By customer | AT61: Resp. técnico Sensorpoint
B63: / / | V63: / / | AT63: / /
B64: Data e Assinatura | Date and signature | V64: Data, Assinatura e Carimbo | Date, signature and stamp
